mean_brightness,std_intensity,variance,min_intensity,max_intensity,median_intensity,percentile_25,percentile_75,intensity_range,dark_pixel_ratio,bright_pixel_ratio,edge_count,edge_density,filename,label
122.26397705078125,33.070752030262774,1093.6746398471296,27,247,121.0,99.0,144.0,220,0.005859375,0.01446533203125,5580,0.340576171875,IMG_20180513_164959951_HDR resized_448.jpg,1
131.565185546875,25.482183935253737,649.3416981101036,13,252,133.0,116.0,148.0,239,0.00341796875,0.00445556640625,4579,0.27947998046875,IMG_20180513_165129852_HDR resized_448.jpg,1
121.07635498046875,31.13048971879179,969.1073901318014,4,237,120.0,103.0,137.0,233,0.01422119140625,0.010498046875,4303,0.26263427734375,IMG_20180513_165150613_HDR resized_448.jpg,1
130.30914306640625,27.28267642673459,744.3444330058992,8,251,131.0,112.0,149.0,243,0.002197265625,0.006591796875,5507,0.33612060546875,IMG_20180513_165345878_HDR resized_448.jpg,1
130.9932861328125,27.63956203513905,763.9453894942999,20,252,132.0,114.0,149.0,232,0.00335693359375,0.00775146484375,5218,0.3184814453125,IMG_20180513_165349788_HDR resized_448.jpg,1
136.0408935546875,28.33828696977373,803.0585083812475,1,252,138.0,120.0,154.0,251,0.00726318359375,0.00982666015625,5002,0.3052978515625,IMG_20180513_165353081_HDR resized_448.jpg,1
129.529052734375,24.374679699040414,594.1250104308128,17,251,132.0,115.0,145.0,234,0.00225830078125,0.0064697265625,4379,0.26727294921875,IMG_20180513_165451567_HDR resized_448.jpg,1
123.3048095703125,23.995655659721166,575.7914905399084,11,251,125.0,110.0,138.0,240,0.0028076171875,0.00616455078125,4234,0.2584228515625,IMG_20180513_165455803_HDR resized_448.jpg,1
125.0224609375,22.25990021576156,495.5031576156616,18,249,127.0,113.0,139.0,231,0.001953125,0.00421142578125,3641,0.22222900390625,IMG_20180513_165500303_HDR resized_448.jpg,1
128.8834228515625,30.737259708338303,944.7791343778372,11,251,131.0,110.0,149.0,240,0.01019287109375,0.00714111328125,4806,0.2933349609375,IMG_20180513_165512488_HDR resized_448.jpg,1
125.1038818359375,26.79512019709302,717.9784663766623,18,251,126.0,109.0,141.0,233,0.00543212890625,0.00396728515625,4423,0.26995849609375,IMG_20180513_165515651_HDR resized_448.jpg,1
125.27789306640625,24.893265505623948,619.6746675334871,11,250,126.0,111.0,140.0,239,0.00506591796875,0.0028076171875,3647,0.22259521484375,IMG_20180513_165521775_HDR resized_448.jpg,1
126.513916015625,24.69688659956345,609.9362077116966,27,247,128.0,111.0,143.0,220,0.003173828125,0.00360107421875,4486,0.2738037109375,IMG_20180513_165533492_HDR resized_448.jpg,1
122.79595947265625,27.450102205921656,753.508111115545,9,252,123.0,106.0,139.0,243,0.0076904296875,0.00543212890625,4665,0.28472900390625,IMG_20180513_165538350_HDR resized_448.jpg,1
120.2645263671875,23.285074065558877,542.1946742385626,17,249,119.0,105.0,134.0,232,0.00103759765625,0.00341796875,2521,0.15386962890625,IMG_20180513_165547907_HDR resized_448.jpg,1
129.256103515625,27.408242459874813,751.2117547392845,19,249,130.0,112.0,148.0,230,0.0029296875,0.00408935546875,5434,0.3316650390625,IMG_20180513_165706718_HDR resized_448.jpg,1
130.12176513671875,29.300120735364704,858.4970751069486,7,252,132.0,113.0,150.0,245,0.00860595703125,0.00604248046875,5296,0.3232421875,IMG_20180513_165710583_HDR resized_448.jpg,1
123.40814208984375,25.3580798077931,643.0322115384042,25,252,123.0,108.0,137.0,227,0.001953125,0.00823974609375,3606,0.2200927734375,IMG_20180513_165717627_HDR resized_448.jpg,1
126.1427001953125,25.068512525636773,628.4303202480078,26,248,126.0,111.0,142.0,222,0.00250244140625,0.0030517578125,4562,0.2784423828125,IMG_20180513_165733359_HDR resized_448.jpg,1
124.78314208984375,24.502461840007452,600.3706362210214,17,249,125.0,109.0,140.0,232,0.00274658203125,0.00262451171875,3749,0.22882080078125,IMG_20180513_165741688_HDR resized_448.jpg,1
128.03338623046875,24.32664316112113,591.7855674885213,19,247,129.0,112.0,144.0,228,0.00201416015625,0.0020751953125,4030,0.2459716796875,IMG_20180513_165749116_HDR resized_448.jpg,1
129.48095703125,21.111378713704752,445.6903111934662,8,233,132.0,118.0,143.0,225,0.00189208984375,0.001953125,3348,0.204345703125,IMG_20180513_170350654_HDR resized_448.jpg,1
130.8656005859375,19.028292906567437,362.07593093812466,22,245,133.0,121.0,143.0,223,0.0009765625,0.00128173828125,1824,0.111328125,IMG_20180513_170357440_HDR resized_448.jpg,1
125.5467529296875,21.449059308469757,460.06214521825314,14,249,127.0,114.0,138.0,235,0.0020751953125,0.00616455078125,1770,0.1080322265625,IMG_20180513_170406108_HDR resized_448.jpg,1
126.304931640625,18.512342406676844,342.70682138204575,38,249,126.0,115.0,137.0,211,0.00018310546875,0.002197265625,2671,0.16302490234375,IMG_20180513_170430826_HDR resized_448.jpg,1
115.20892333984375,19.822235284714985,392.9210116825998,35,249,115.0,103.0,127.0,214,0.00067138671875,0.00213623046875,3028,0.184814453125,IMG_20180513_170453882_HDR resized_448.jpg,1
113.00732421875,18.738868963405842,351.1452100276947,15,247,113.0,102.0,124.0,232,0.0010986328125,0.001220703125,2463,0.15032958984375,IMG_20180513_170500983_HDR resized_448.jpg,1
116.24615478515625,20.33233145154137,413.40370225533843,32,248,117.0,103.0,129.0,216,0.0006103515625,0.00177001953125,3483,0.21258544921875,IMG_20180513_170515937_HDR resized_448.jpg,1
116.20843505859375,21.025310259912164,442.06367152556777,2,251,116.0,105.0,128.0,249,0.00457763671875,0.00372314453125,2691,0.16424560546875,IMG_20180513_170526931_HDR resized_448.jpg,1
111.67742919921875,19.98989950839741,399.5960823558271,14,253,111.0,100.0,123.0,239,0.003173828125,0.00311279296875,2824,0.17236328125,IMG_20180513_170535927_HDR resized_448.jpg,1
118.09112548828125,22.11101052592162,488.89678647741675,35,244,118.0,105.0,131.0,209,0.00128173828125,0.001708984375,3797,0.23175048828125,IMG_20180513_170700279_HDR resized_448.jpg,1
119.27618408203125,26.721654706679164,714.0468302629888,8,245,120.0,103.0,137.0,237,0.0072021484375,0.00335693359375,5286,0.3226318359375,IMG_20180513_170710091_HDR resized_448.jpg,1
119.85540771484375,27.677872088095565,766.0646033249795,18,243,121.0,101.0,139.0,225,0.0059814453125,0.00250244140625,5589,0.34112548828125,IMG_20180513_170718753_HDR resized_448.jpg,1
119.811279296875,24.18453540302717,584.8917526602745,12,249,120.0,105.0,135.0,237,0.00457763671875,0.00201416015625,4189,0.25567626953125,IMG_20180513_170728853_HDR resized_448.jpg,1
124.057373046875,25.180076630438247,634.0362591147423,21,249,125.0,108.0,141.0,228,0.00372314453125,0.0015869140625,4518,0.2757568359375,IMG_20180513_170746398_HDR resized_448.jpg,1
110.3853759765625,39.305803794340456,1544.9462119191885,10,251,110.0,79.0,140.0,241,0.05078125,0.0054931640625,6159,0.37591552734375,IMG_20180513_170844630_HDR resized_448.jpg,1
117.60308837890625,26.07613304504733,679.9647145830095,11,248,117.0,101.0,133.0,237,0.00726318359375,0.00457763671875,4827,0.29461669921875,IMG_20180514_164920326_HDR resized_448.jpg,1
125.0208740234375,31.06756401782586,965.193534001708,5,254,125.0,105.0,145.0,249,0.01141357421875,0.01055908203125,5167,0.31536865234375,IMG_20180514_164936208_HDR resized_448.jpg,1
132.68572998046875,33.436739571951094,1118.01555320248,4,251,137.0,116.0,154.0,247,0.01995849609375,0.01336669921875,4370,0.2667236328125,IMG_20180514_164944000_HDR resized_448.jpg,1
126.59552001953125,30.878001213382987,953.4509589336812,3,248,128.0,108.0,147.0,245,0.01324462890625,0.009033203125,4083,0.24920654296875,IMG_20180514_164949995_HDR resized_448.jpg,1
122.770751953125,36.36593373941131,1322.481136739254,2,253,125.0,99.0,146.0,251,0.02679443359375,0.01904296875,5391,0.32904052734375,IMG_20180514_164955695_HDR resized_448.jpg,1
113.3114013671875,28.569748753479637,816.2305438369513,7,253,113.0,96.0,130.0,246,0.01531982421875,0.00787353515625,4633,0.28277587890625,IMG_20180514_165008040_HDR resized_448.jpg,1
117.5057373046875,30.58632509003039,935.5232825130224,10,247,116.0,97.0,137.0,237,0.0126953125,0.00616455078125,5537,0.33795166015625,IMG_20180514_165031728_HDR resized_448.jpg,1
114.60955810546875,30.48374965641983,929.2589931152761,10,250,112.0,94.0,132.0,240,0.0106201171875,0.008544921875,5517,0.33673095703125,IMG_20180514_165039112_HDR resized_448.jpg,1
126.083251953125,34.03436736426488,1158.3381618857384,2,254,127.0,105.0,148.0,252,0.0194091796875,0.0146484375,5689,0.34722900390625,IMG_20180514_165050302_HDR resized_448.jpg,1
118.664306640625,34.400792602034024,1183.414531648159,4,251,117.0,96.0,140.0,247,0.01861572265625,0.015625,5291,0.32293701171875,IMG_20180514_165115894_HDR resized_448.jpg,1
122.73553466796875,29.7593569841098,885.6193281076849,6,251,122.0,103.0,141.0,245,0.00970458984375,0.01019287109375,5058,0.3087158203125,IMG_20180514_165152754_HDR resized_448.jpg,1
126.119873046875,35.84666898510422,1284.983677327633,1,249,126.0,102.0,150.0,248,0.0164794921875,0.0224609375,5779,0.35272216796875,IMG_20180514_165211442_HDR resized_448.jpg,1
124.94720458984375,33.697562464704106,1135.5257160626352,1,255,125.0,103.0,147.0,254,0.01519775390625,0.01483154296875,5708,0.348388671875,IMG_20180514_165217078_HDR resized_448.jpg,1
136.689208984375,32.36285615870908,1047.3544587492943,2,254,137.0,118.0,156.0,252,0.0118408203125,0.0272216796875,5658,0.3453369140625,IMG_20180514_165228668_HDR resized_448.jpg,1
131.894775390625,31.691319913498504,1004.3397578597069,1,253,132.0,113.0,151.0,252,0.01239013671875,0.0205078125,5682,0.3468017578125,IMG_20180514_165245540_HDR resized_448.jpg,1
130.47369384765625,29.123483419776107,848.1772865019739,2,250,130.0,115.0,147.0,248,0.01214599609375,0.0145263671875,5275,0.32196044921875,IMG_20180514_165251954_HDR resized_448.jpg,1
136.73162841796875,30.717552838361843,943.5680523775518,17,254,136.0,119.0,154.0,237,0.00579833984375,0.02899169921875,5534,0.3377685546875,IMG_20180514_165259100 resized_448.jpg,1
130.055908203125,30.434685272435434,926.2700676321983,4,252,129.0,113.0,147.0,248,0.01116943359375,0.02008056640625,5572,0.340087890625,IMG_20180514_165302026_HDR resized_448.jpg,1
128.0596923828125,29.38994759823921,863.7690198272467,4,250,127.0,111.0,144.0,246,0.00836181640625,0.014892578125,5631,0.34368896484375,IMG_20180514_165307482_HDR resized_448.jpg,1
130.273681640625,30.518335864616247,931.3688239455223,7,254,129.0,113.0,147.0,247,0.0093994140625,0.0162353515625,5422,0.3309326171875,IMG_20180514_165340357_HDR resized_448.jpg,1
131.06744384765625,36.88379171755708,1360.414091464132,2,253,129.0,108.0,153.0,251,0.015625,0.0413818359375,6166,0.3763427734375,IMG_20180514_165358823_HDR resized_448.jpg,1
129.587646484375,38.20836663591368,1459.8792809844017,2,252,128.0,105.0,154.0,250,0.0172119140625,0.04156494140625,6127,0.37396240234375,IMG_20180514_165411841_HDR resized_448.jpg,1
134.2879638671875,32.45686119343558,1053.4478385299444,8,246,134.0,115.0,154.0,238,0.01043701171875,0.02447509765625,5908,0.360595703125,IMG_20180514_165427375_HDR resized_448.jpg,1
133.79315185546875,29.264659362028677,856.4202875755727,16,247,134.0,116.0,152.0,231,0.00439453125,0.0135498046875,5797,0.35382080078125,IMG_20180514_165444055_HDR resized_448.jpg,1
132.8717041015625,34.623547748853404,1198.7900587171316,4,253,132.0,111.0,155.0,249,0.0135498046875,0.02838134765625,6030,0.3680419921875,IMG_20180514_165457873_HDR resized_448.jpg,1
131.81982421875,36.055138744039155,1299.9730298519135,4,245,132.0,109.0,155.0,241,0.016357421875,0.0284423828125,5963,0.36395263671875,IMG_20180514_165505511_HDR resized_448.jpg,1
125.64752197265625,29.9189328671363,895.1425439082086,11,251,123.0,107.0,142.0,240,0.00775146484375,0.0152587890625,5606,0.3421630859375,IMG_20180514_165529728_HDR resized_448.jpg,1
126.17352294921875,28.352938829588297,803.8891402743757,13,254,123.0,108.0,142.0,241,0.004150390625,0.01177978515625,5730,0.3497314453125,IMG_20180514_165535720_HDR resized_448.jpg,1
132.57537841796875,34.974407240782575,1223.2091618441045,1,253,132.0,111.0,155.0,252,0.014892578125,0.02618408203125,6123,0.37371826171875,IMG_20180514_165710828_HDR resized_448.jpg,1
138.54608154296875,33.49383324955819,1121.8368657492101,2,252,139.0,119.0,160.0,250,0.01318359375,0.03057861328125,5986,0.3653564453125,IMG_20180514_165717791_HDR resized_448.jpg,1
136.7159423828125,35.055116685034264,1228.8612058013678,4,249,137.0,116.0,159.0,245,0.015380859375,0.0330810546875,6124,0.373779296875,IMG_20180514_165724162_HDR resized_448.jpg,1
140.64239501953125,38.29739598312267,1466.6905390881002,1,255,141.0,119.0,164.0,254,0.01922607421875,0.0574951171875,6177,0.37701416015625,IMG_20180514_165731332_HDR resized_448.jpg,1
128.74151611328125,32.44076099104278,1052.402973677963,2,253,127.0,109.0,147.0,251,0.00787353515625,0.02447509765625,5919,0.36126708984375,IMG_20180514_165740460_HDR resized_448.jpg,1
138.76629638671875,35.85029002977236,1285.2432952187955,1,252,138.0,118.0,160.0,251,0.015869140625,0.046142578125,6080,0.37109375,IMG_20180514_165746314_HDR resized_448.jpg,1
139.41943359375,34.66394862460849,1201.5893342494965,2,250,140.0,121.0,160.0,248,0.01849365234375,0.03875732421875,5841,0.35650634765625,IMG_20180514_165751038_HDR resized_448.jpg,1
140.75738525390625,34.6206586134792,1198.5900028310716,2,253,140.0,122.0,161.0,251,0.0147705078125,0.0452880859375,5952,0.36328125,IMG_20180514_165757436_HDR resized_448.jpg,1
135.58905029296875,37.590897384061904,1413.0755661390722,1,249,136.0,114.0,159.0,248,0.019775390625,0.0438232421875,6174,0.3768310546875,IMG_20180514_165811955_HDR resized_448.jpg,1
141.99407958984375,40.18096912582062,1614.5102798901498,1,252,143.0,120.0,167.0,251,0.02508544921875,0.06927490234375,6168,0.37646484375,IMG_20180514_165823466_HDR resized_448.jpg,1
138.5074462890625,33.92279900316348,1150.7562922090292,1,246,141.0,120.0,160.0,245,0.01678466796875,0.0269775390625,5971,0.36444091796875,IMG_20180514_165831579_HDR resized_448.jpg,1
140.58331298828125,35.27569663115345,1244.3747728131711,2,250,143.0,122.0,163.0,248,0.0181884765625,0.03521728515625,5951,0.36322021484375,IMG_20180514_165837194_HDR resized_448.jpg,1
139.775146484375,35.247054294001984,1242.3548364043236,1,253,142.0,121.0,162.0,252,0.02032470703125,0.0325927734375,5849,0.35699462890625,IMG_20180514_165847101_HDR resized_448.jpg,1
143.5860595703125,34.935750054010505,1220.5066318362951,1,253,143.0,127.0,163.0,252,0.021240234375,0.05059814453125,5809,0.35455322265625,IMG_20180514_170008541_HDR resized_448.jpg,1
140.62078857421875,38.013758495116285,1445.0458349250257,0,253,143.0,124.0,163.0,253,0.02972412109375,0.04736328125,5768,0.35205078125,IMG_20180514_170015428_HDR resized_448.jpg,1
131.8349609375,31.51599270668047,993.2577962875366,1,252,130.0,114.0,149.0,251,0.01251220703125,0.0238037109375,5655,0.34515380859375,IMG_20180514_170026184_HDR resized_448.jpg,1
123.68072509765625,32.62825212122084,1064.6028364859521,1,249,120.0,103.0,142.0,248,0.00872802734375,0.02191162109375,5871,0.35833740234375,IMG_20180514_170032562_HDR resized_448.jpg,1
123.0447998046875,31.699710569720704,1004.8716502040625,2,251,119.0,103.0,141.0,249,0.01092529296875,0.016845703125,5888,0.359375,IMG_20180514_170039467_HDR resized_448.jpg,1
145.8021240234375,35.86656763895121,1286.410674199462,1,253,145.0,128.0,166.0,252,0.0196533203125,0.06024169921875,5717,0.34893798828125,IMG_20180514_170051550_HDR resized_448.jpg,1
136.39544677734375,31.652429222018366,1001.8762756548822,3,249,134.0,119.0,154.0,246,0.01409912109375,0.0299072265625,5839,0.35638427734375,IMG_20180514_170055705_HDR resized_448.jpg,1
136.7574462890625,32.15986003366324,1034.2565973848104,2,244,136.0,119.0,156.0,242,0.01422119140625,0.0269775390625,5681,0.34674072265625,IMG_20180514_170100812_HDR resized_448.jpg,1
130.45513916015625,32.80778893569023,1076.3510148487985,4,251,128.0,110.0,150.0,247,0.0108642578125,0.02398681640625,5790,0.3533935546875,IMG_20180514_170105907_HDR resized_448.jpg,1
134.38861083984375,33.805115148871145,1142.7858102284372,2,249,132.0,115.0,154.0,247,0.0120849609375,0.03497314453125,5964,0.364013671875,IMG_20180514_170122537_HDR resized_448.jpg,1
123.65399169921875,34.515854421967404,1191.3442064784467,3,255,121.0,101.0,144.0,252,0.01409912109375,0.022705078125,6072,0.37060546875,IMG_20180514_170137161_HDR resized_448.jpg,1
120.663818359375,30.78499373601336,947.7158393263817,8,252,116.0,101.0,137.0,244,0.00640869140625,0.013671875,5881,0.35894775390625,IMG_20180514_170144972_HDR resized_448.jpg,1
130.06597900390625,35.123162968998464,1233.6365769468248,2,250,128.0,107.0,153.0,248,0.0118408203125,0.0281982421875,6086,0.3714599609375,IMG_20180514_170158322_HDR resized_448.jpg,1
121.910400390625,29.056088073527075,844.2562541365623,3,249,117.0,103.0,137.0,246,0.0054931640625,0.01312255859375,5632,0.34375,IMG_20180514_170217038_HDR resized_448.jpg,1
135.0986328125,40.56019516378772,1645.1294317245483,1,254,136.5,111.0,161.0,253,0.02740478515625,0.05120849609375,6294,0.3841552734375,IMG_20180514_170355485_HDR resized_448.jpg,1
130.39276123046875,48.733117307459,2374.9167225025594,1,253,131.0,99.0,163.0,252,0.0589599609375,0.08251953125,6287,0.38372802734375,IMG_20180514_170400947 resized_448.jpg,1
141.5650634765625,40.04350405420747,1603.48221693933,1,253,143.0,119.0,167.0,252,0.0272216796875,0.0614013671875,6180,0.377197265625,IMG_20180514_170411390_HDR resized_448.jpg,1
143.56610107421875,37.95871975003964,1440.8644050620496,1,254,146.0,125.0,167.0,253,0.02337646484375,0.0538330078125,5948,0.363037109375,IMG_20180514_170416728_HDR resized_448.jpg,1
144.3790283203125,40.55159100263393,1644.431532844901,0,254,148.0,124.0,170.0,254,0.0302734375,0.06268310546875,5982,0.3651123046875,IMG_20180514_170423229_HDR resized_448.jpg,1
131.87310791015625,31.462262698050324,989.8739740811288,3,252,131.0,110.0,153.0,249,0.00665283203125,0.0157470703125,5840,0.3564453125,IMG_20180514_170638485_HDR resized_448.jpg,1
132.3243408203125,26.597353573142932,707.419217094779,33,248,132.0,114.0,150.0,215,0.0010986328125,0.005859375,5665,0.34576416015625,IMG_20180514_170646586_HDR resized_448.jpg,1
129.53900146484375,29.38416483326079,863.42914294824,20,253,129.0,109.0,151.0,233,0.0025634765625,0.0030517578125,5916,0.361083984375,IMG_20180514_170703597_HDR resized_448.jpg,1
134.18524169921875,29.50685664928517,870.6545893214643,22,252,135.0,114.0,156.0,230,0.001953125,0.00628662109375,5733,0.34991455078125,IMG_20180514_170708710_HDR (1) resized_448.jpg,1
134.18524169921875,29.50685664928517,870.6545893214643,22,252,135.0,114.0,156.0,230,0.001953125,0.00628662109375,5733,0.34991455078125,IMG_20180514_170708710_HDR resized_448.jpg,1
172.397216796875,24.052497557180114,578.5226387381554,82,247,173.0,155.0,190.0,165,0.0,0.12847900390625,5197,0.31719970703125,IMG_8404 resized_448.jpg,1
127.62127685546875,19.46518361020556,378.8933729790151,65,231,127.0,114.0,141.0,166,0.0,0.00140380859375,4387,0.26776123046875,IMG_8405 resized_448.jpg,1
128.2174072265625,18.651671855468837,347.8848630040884,64,229,127.0,115.0,140.0,165,0.0,0.00164794921875,3377,0.20611572265625,IMG_8406 resized_448.jpg,1
129.09967041015625,22.399719888053188,501.74745106324553,48,235,128.0,113.0,144.0,187,6.103515625e-05,0.00177001953125,5261,0.32110595703125,IMG_8407 resized_448.jpg,1
149.24383544921875,33.50115224866972,1122.327201988548,62,248,148.0,125.0,172.0,186,0.0,0.07464599609375,5856,0.357421875,IMG_8412 resized_448.jpg,1
151.26171875,35.38318056878276,1251.969467163086,60,249,151.0,125.0,177.0,189,0.0,0.09112548828125,5942,0.3626708984375,IMG_8413 resized_448.jpg,1
154.70501708984375,32.60424364012198,1063.0367033444345,66,250,155.0,131.0,178.0,184,0.0,0.0869140625,5666,0.3458251953125,IMG_8414 resized_448.jpg,1
152.908203125,36.91452788851806,1362.6823692321777,54,253,154.0,126.0,180.0,199,0.0,0.10443115234375,6062,0.3699951171875,IMG_8415 resized_448.jpg,1
149.17291259765625,34.29142106639944,1175.901558753103,57,248,149.0,125.0,173.0,191,0.0,0.07281494140625,5952,0.36328125,IMG_8416 resized_448.jpg,1
136.873779296875,45.41963155551562,2062.94293063879,29,253,137.0,103.0,171.0,224,0.01953125,0.08831787109375,5947,0.36297607421875,IMG_8417 resized_448.jpg,1
137.31536865234375,43.51654193531065,1893.6894220076501,30,253,137.0,105.0,170.0,223,0.0150146484375,0.08001708984375,5868,0.358154296875,IMG_8418 resized_448.jpg,1
130.32196044921875,47.701911180147384,2275.47233023867,25,253,130.0,94.0,167.0,228,0.04241943359375,0.0767822265625,6132,0.374267578125,IMG_8419 resized_448.jpg,1
133.31744384765625,16.124765272312615,260.00805508717895,68,246,133.0,123.0,144.0,178,0.0,0.0003662109375,1621,0.09893798828125,IMG_8423 resized_448.jpg,1
183.010986328125,16.34673360684312,267.21569961309433,105,252,183.0,173.0,194.0,147,0.0,0.13348388671875,1899,0.11590576171875,IMG_8424 resized_448.jpg,1
172.05133056640625,28.435574530231644,808.5818988643587,61,253,173.0,154.0,191.0,192,0.0,0.158447265625,5303,0.32366943359375,IMG_8426 resized_448.jpg,1
168.27581787109375,29.265608919343435,856.4758654199541,53,254,170.0,149.0,189.0,201,0.0,0.13177490234375,5784,0.35302734375,IMG_8428 resized_448.jpg,1
123.3094482421875,56.364362421306666,3176.941351160407,20,253,125.0,72.0,170.0,233,0.13470458984375,0.09307861328125,6114,0.3731689453125,IMG_8429 resized_448.jpg,1
128.40374755859375,55.60316032918024,3091.7114385925233,24,250,133.0,80.0,174.0,226,0.11181640625,0.09930419921875,6049,0.36920166015625,IMG_8430 resized_448.jpg,1
131.11785888671875,53.87745121495207,2902.77974941954,18,254,138.0,89.0,174.0,236,0.10137939453125,0.09088134765625,6049,0.36920166015625,IMG_8431 resized_448.jpg,1
148.92559814453125,44.79167020479362,2006.2937197349966,32,252,153.0,115.0,184.0,220,0.00341796875,0.13006591796875,5793,0.35357666015625,IMG_8432 resized_448.jpg,1
146.15802001953125,42.44245579133244,1801.3620535992086,40,253,149.0,116.0,178.0,213,0.0018310546875,0.103271484375,6076,0.370849609375,IMG_8433 resized_448.jpg,1
150.9093017578125,41.97216399229436,1761.6625501960516,44,253,153.0,121.0,182.0,209,0.0013427734375,0.12225341796875,6060,0.369873046875,IMG_8434 resized_448.jpg,1
147.74896240234375,42.36686298565964,1794.9510792456567,42,254,150.0,117.0,179.0,212,0.001708984375,0.10986328125,5966,0.3641357421875,IMG_8435 resized_448.jpg,1
144.47430419921875,44.431120420220495,1974.1244617961347,26,254,145.0,112.0,177.0,228,0.0067138671875,0.11309814453125,6008,0.36669921875,IMG_8436 resized_448.jpg,1
140.88177490234375,43.33843103262107,1878.219604369253,34,255,141.0,110.0,173.0,221,0.00732421875,0.09307861328125,5876,0.358642578125,IMG_8437 resized_448.jpg,1
139.6341552734375,47.78394976246388,2283.3058549016714,19,252,142.0,105.0,176.0,233,0.0299072265625,0.1055908203125,6010,0.3668212890625,IMG_8438 resized_448.jpg,1
145.8026123046875,44.35070558569843,1966.9850859493017,33,253,148.0,113.0,179.0,220,0.00714111328125,0.11761474609375,5925,0.36163330078125,IMG_8439 resized_448.jpg,1
145.47406005859375,46.858423485361755,2195.7118515335023,34,252,149.0,111.0,182.0,218,0.012939453125,0.12548828125,6026,0.3677978515625,IMG_8440 resized_448.jpg,1
128.400146484375,50.48198394579538,2548.4307031035423,16,249,131.0,91.0,167.0,233,0.079345703125,0.07464599609375,6212,0.379150390625,IMG_8441 resized_448.jpg,1
143.220458984375,47.688030964281495,2274.148297250271,23,253,146.0,109.0,180.0,230,0.02490234375,0.12213134765625,6207,0.37884521484375,IMG_8442 resized_448.jpg,1
134.23114013671875,48.63085254101663,2364.959818866104,18,252,136.0,97.0,170.0,234,0.04119873046875,0.08966064453125,6199,0.37835693359375,IMG_8443 resized_448.jpg,1
153.76837158203125,42.61605676358115,1816.1282940767705,46,252,157.0,124.0,186.0,206,0.0003662109375,0.1397705078125,6203,0.37860107421875,IMG_8444 resized_448.jpg,1
150.084228515625,44.13086297241385,1947.533066689968,44,250,154.0,118.0,183.0,206,0.00091552734375,0.13201904296875,6137,0.37457275390625,IMG_8445 resized_448.jpg,1
154.50042724609375,43.73560309785479,1912.8029783330858,45,254,159.0,121.0,188.0,209,0.00048828125,0.1593017578125,6038,0.3685302734375,IMG_8446 resized_448.jpg,1
146.12615966796875,44.74180228081826,2001.8288713358343,39,254,148.5,111.0,181.0,215,0.0020751953125,0.1226806640625,5960,0.36376953125,IMG_8447 resized_448.jpg,1
124.837890625,44.552030127922194,1984.883388519287,36,254,114.0,90.0,155.0,218,0.0018310546875,0.07855224609375,5287,0.32269287109375,IMG_8449 resized_448.jpg,1
154.4200439453125,39.68309927124526,1574.7483677715063,48,252,158.0,125.0,186.0,204,0.0001220703125,0.12255859375,6334,0.3865966796875,IMG_8453 resized_448.jpg,1
151.9344482421875,41.12168548856154,1690.9930174201727,32,251,156.0,122.0,184.0,219,0.00048828125,0.1220703125,6172,0.376708984375,IMG_8455 resized_448.jpg,1
154.65032958984375,41.504060285170205,1722.5870201550424,34,254,158.0,124.0,187.0,220,0.0001220703125,0.1473388671875,6179,0.37713623046875,IMG_8456 resized_448.jpg,1
131.16094970703125,22.452027547475257,504.0935409925878,44,221,131.0,116.0,147.0,177,0.00030517578125,0.0006103515625,4606,0.2811279296875,IMG_8462 resized_448.jpg,1
170.70172119140625,27.114556546714905,735.1991767250001,40,251,171.0,152.0,190.0,211,6.103515625e-05,0.143798828125,5485,0.33477783203125,IMG_8463 resized_448.jpg,1
172.7763671875,24.933476689975436,621.6782598495483,65,244,173.0,156.0,191.0,179,0.0,0.14251708984375,4781,0.29180908203125,IMG_8464 resized_448.jpg,1
173.33709716796875,27.58567222810949,760.9693122766912,55,246,175.0,155.0,194.0,191,0.0,0.16778564453125,5425,0.33111572265625,IMG_8465 resized_448.jpg,1
170.72052001953125,26.62295196097342,708.7815711162984,57,245,171.0,153.0,190.0,188,0.0,0.13714599609375,5346,0.3262939453125,IMG_8466 resized_448.jpg,1
172.84320068359375,25.306698050525444,640.4289662204683,65,240,174.0,156.0,191.0,175,0.0,0.1373291015625,5147,0.31414794921875,IMG_8467 resized_448.jpg,1
164.38812255859375,38.74700162341974,1501.330134805292,39,245,171.0,142.0,194.0,206,0.000732421875,0.18182373046875,5407,0.33001708984375,IMG_8468 resized_448.jpg,1
169.01800537109375,20.04065339752126,401.6277885995805,67,250,170.0,155.0,183.0,183,0.0,0.0499267578125,4248,0.25927734375,IMG_8469 resized_448.jpg,1
170.4500732421875,26.917380238079527,724.5453588813543,62,250,172.0,152.0,190.0,188,0.0,0.137451171875,5659,0.34539794921875,IMG_8470 resized_448.jpg,1
171.5657958984375,27.006865663568984,729.3707929700613,58,243,173.0,153.0,192.0,185,0.0,0.15252685546875,5568,0.33984375,IMG_8471 resized_448.jpg,1
170.69781494140625,27.6019847231174,761.8695606552064,51,248,172.0,152.0,191.0,197,0.0,0.14715576171875,5758,0.3514404296875,IMG_8472 resized_448.jpg,1
169.75213623046875,29.090678989654016,846.2676040790975,58,245,171.0,150.0,192.0,187,0.0,0.15521240234375,5911,0.36077880859375,IMG_8473 resized_448.jpg,1
134.88330078125,18.89506201622611,357.02336859703064,51,250,135.0,123.0,147.0,199,0.0,0.00274658203125,3594,0.2193603515625,IMG_8474 resized_448.jpg,1
177.46124267578125,24.11432045475923,581.5004509948194,71,253,179.0,162.0,194.0,182,0.0,0.16229248046875,5386,0.3287353515625,IMG_8475 resized_448.jpg,1
176.8897705078125,24.771850712861607,613.6445877403021,70,252,178.0,161.0,194.0,182,0.0,0.16552734375,5535,0.33782958984375,IMG_8476 resized_448.jpg,1
180.5537109375,21.60635646168172,466.83463954925537,72,251,182.0,167.0,195.0,179,0.0,0.17138671875,4624,0.2822265625,IMG_8477 resized_448.jpg,1
189.57763671875,18.94385665490997,358.86970496177673,92,253,190.0,178.0,202.0,161,0.0,0.28033447265625,4013,0.24493408203125,IMG_8478 resized_448.jpg,1
181.16680908203125,23.472953797595608,550.9795599840581,72,254,182.0,167.0,197.0,182,0.0,0.19586181640625,5211,0.31805419921875,IMG_8479 resized_448.jpg,1
187.54693603515625,20.68938799298396,428.0507755242288,93,254,189.0,174.0,201.0,161,0.0,0.26568603515625,4410,0.2691650390625,IMG_8480 resized_448.jpg,1
181.84820556640625,23.108103898289638,533.9844657741487,84,253,183.0,167.0,198.0,169,0.0,0.20745849609375,5353,0.32672119140625,IMG_8481 resized_448.jpg,1
180.77703857421875,24.912800221227037,620.6476148627698,67,253,183.0,165.0,199.0,186,0.0,0.2216796875,5714,0.3487548828125,IMG_8483 resized_448.jpg,1
181.8524169921875,25.629978965946645,656.8958217948675,77,253,183.0,165.0,200.0,176,0.0,0.241943359375,5755,0.35125732421875,IMG_8484 resized_448.jpg,1
183.543701171875,25.165143893105434,633.2844671607018,78,254,185.0,167.0,201.0,176,0.0,0.26348876953125,5657,0.34527587890625,IMG_8485 resized_448.jpg,1
175.7091064453125,24.12868535813164,582.1934571117163,75,253,177.0,160.0,193.0,178,0.0,0.1519775390625,5633,0.34381103515625,IMG_8486 resized_448.jpg,1
172.079833984375,25.903787363571496,671.0061997771263,76,253,173.0,155.0,190.0,177,0.0,0.1334228515625,5806,0.3543701171875,IMG_8487 resized_448.jpg,1
183.27294921875,22.800833611348978,519.8780133724213,84,254,184.0,168.0,199.0,170,0.0,0.22979736328125,5402,0.3297119140625,IMG_8488 resized_448.jpg,1
171.8248291015625,25.071413212438596,628.5757604688406,61,249,172.0,155.0,189.0,188,0.0,0.12725830078125,5509,0.33624267578125,IMG_8489 resized_448.jpg,1
177.51715087890625,23.97810786987221,574.9496570192277,69,252,178.0,162.0,194.0,183,0.0,0.17095947265625,5225,0.31890869140625,IMG_8490 resized_448.jpg,1
185.27630615234375,19.532697074593493,381.52625500783324,98,253,187.0,173.0,199.0,155,0.0,0.21795654296875,3656,0.22314453125,IMG_8491 resized_448.jpg,1
181.446533203125,23.98479127677984,575.2702125906944,92,253,183.0,166.0,198.0,161,0.0,0.2188720703125,5426,0.3311767578125,IMG_8493 resized_448.jpg,1
132.599853515625,19.615080469232847,384.7513818144798,54,251,131.0,121.0,142.25,197,0.0,0.0037841796875,3029,0.18487548828125,IMG_8504 resized_448.jpg,1
175.5560302734375,21.273049545743223,452.542636975646,65,253,174.0,162.0,188.0,188,0.0,0.12164306640625,4122,0.2515869140625,IMG_8505 resized_448.jpg,1
170.50738525390625,22.1460124697334,490.44586830958724,82,252,169.0,156.0,183.0,170,0.0,0.09674072265625,4361,0.26617431640625,IMG_8506 resized_448.jpg,1
174.81329345703125,25.29176893231089,639.6735757254064,70,254,174.0,159.0,190.0,184,0.0,0.14837646484375,4942,0.3016357421875,IMG_8507 resized_448.jpg,1
169.03619384765625,27.519364117493215,757.3154014311731,62,253,168.0,152.0,186.0,191,0.0,0.13031005859375,5391,0.32904052734375,IMG_8508 resized_448.jpg,1
169.0906982421875,25.17163400724095,633.6111585944891,48,252,169.0,153.0,185.0,204,6.103515625e-05,0.10516357421875,5337,0.32574462890625,IMG_8509 resized_448.jpg,1
170.55999755859375,26.02972241728843,677.5464491210878,48,253,170.0,154.0,187.0,205,6.103515625e-05,0.12359619140625,5310,0.3240966796875,IMG_8510 resized_448.jpg,1
167.23907470703125,29.641908397084972,878.6427334211767,40,254,167.0,148.0,187.0,214,0.00030517578125,0.1334228515625,5778,0.3526611328125,IMG_8511 resized_448.jpg,1
171.31512451171875,30.38776297190442,923.4161384366453,39,254,171.0,152.0,192.0,215,0.00042724609375,0.16986083984375,5807,0.35443115234375,IMG_8512 resized_448.jpg,1
167.5751953125,30.137574527479032,908.273398399353,39,254,167.0,149.0,187.0,215,0.00079345703125,0.13848876953125,5789,0.35333251953125,IMG_8513 resized_448.jpg,1
162.193359375,35.33997603419408,1248.913906097412,31,253,163.0,141.0,186.0,222,0.00396728515625,0.13861083984375,6021,0.36749267578125,IMG_8514 resized_448.jpg,1
156.32659912109375,38.543341770408375,1485.589194830507,26,254,158.0,134.0,182.0,228,0.00958251953125,0.11962890625,6075,0.37078857421875,IMG_8515 resized_448.jpg,1
172.01251220703125,34.395113464867094,1183.0238302610815,35,254,174.0,153.0,195.0,219,0.0018310546875,0.19439697265625,5873,0.35845947265625,IMG_8516 resized_448.jpg,1
123.9085693359375,29.512972846104798,871.0155662149191,34,250,119.0,105.0,137.0,216,0.00146484375,0.0213623046875,5195,0.31707763671875,IMG_8517 resized_448.jpg,1
181.58868408203125,30.04031018014847,902.4202357195318,77,255,178.0,160.0,200.0,178,0.0,0.2470703125,5587,0.34100341796875,IMG_8518 resized_448.jpg,1
165.20947265625,29.79092089691037,887.4989678859711,58,254,162.0,145.0,182.0,196,0.0,0.130126953125,5475,0.33416748046875,IMG_8519 resized_448.jpg,1
174.0523681640625,28.48226544843989,811.2394450753927,80,254,170.0,155.0,191.0,174,0.0,0.1749267578125,5262,0.3211669921875,IMG_8520 resized_448.jpg,1
158.9564208984375,32.35567307836594,1046.8895803540945,49,253,154.0,137.0,177.0,204,6.103515625e-05,0.12506103515625,5654,0.3450927734375,IMG_8521 resized_448.jpg,1
162.713134765625,32.49842782160961,1056.1478108763695,25,253,160.0,142.0,183.0,228,0.00213623046875,0.13604736328125,5748,0.350830078125,IMG_8522 resized_448.jpg,1
160.83404541015625,32.40196844594115,1049.887559171766,24,253,158.0,140.0,181.0,229,0.0023193359375,0.126708984375,5560,0.33935546875,IMG_8523 resized_448.jpg,1
165.96063232421875,33.63224684469984,1131.1280278228223,30,254,164.0,144.0,187.0,224,0.0013427734375,0.16064453125,5698,0.3477783203125,IMG_8524 resized_448.jpg,1
171.7125244140625,33.06071480846815,1093.010863646865,35,254,170.0,150.0,193.0,219,0.00079345703125,0.1959228515625,5658,0.3453369140625,IMG_8525 resized_448.jpg,1
172.96270751953125,32.256176936820864,1040.4609505794942,32,255,171.0,152.0,194.0,223,0.000732421875,0.19793701171875,5695,0.34759521484375,IMG_8526 resized_448.jpg,1
165.5780029296875,31.138980835233234,969.6361274570227,45,253,163.0,146.0,185.0,208,0.00018310546875,0.14208984375,5610,0.3424072265625,IMG_8527 resized_448.jpg,1
162.39849853515625,33.23329989433335,1104.452221866697,32,253,160.0,141.0,184.0,221,0.0009765625,0.1356201171875,5657,0.34527587890625,IMG_8528 resized_448.jpg,1
172.16015625,25.142785301353566,632.1596527099609,42,253,172.0,158.0,187.0,211,0.00042724609375,0.11724853515625,4820,0.294189453125,IMG_8529 resized_448.jpg,1
154.88238525390625,31.640280048644602,1001.1073215566576,32,254,152.0,135.0,173.0,222,0.00299072265625,0.0897216796875,5644,0.344482421875,IMG_8530 resized_448.jpg,1
171.5343017578125,31.68883356955232,1004.182172998786,34,254,172.0,154.0,191.0,220,0.00146484375,0.17010498046875,5522,0.3370361328125,IMG_8531 resized_448.jpg,1
163.74102783203125,32.27588950407872,1041.7330432794988,36,253,164.0,147.0,183.0,217,0.0008544921875,0.12237548828125,5576,0.34033203125,IMG_8532 resized_448.jpg,1
170.95465087890625,31.069348254779136,965.3044009767473,38,254,172.0,155.0,190.0,216,0.00054931640625,0.1600341796875,5340,0.325927734375,IMG_8533 resized_448.jpg,1
157.15924072265625,16.147924484160626,260.75546514615417,88,234,157.0,146.0,168.0,146,0.0,0.00439453125,1486,0.0906982421875,IMG_20180705_130729936 resized_448.jpg,0
157.68304443359375,17.213341812004224,296.29913633689284,83,243,157.0,146.0,168.0,160,0.0,0.01776123046875,1222,0.0745849609375,IMG_20180705_130731751 resized_448.jpg,0
159.7320556640625,15.65000289451935,244.922590598464,97,251,160.0,149.0,170.0,154,0.0,0.00592041015625,1361,0.08306884765625,IMG_20180705_130732496 resized_448.jpg,0
159.97381591796875,15.28877260645265,233.74656781181693,104,247,160.0,150.0,170.0,143,0.0,0.00634765625,1194,0.0728759765625,IMG_20180705_130732993 resized_448.jpg,0
166.02142333984375,19.962460925855087,398.4998462162912,106,253,164.0,152.0,176.0,147,0.0,0.06048583984375,1122,0.0684814453125,IMG_20180705_130733329 resized_448.jpg,0
167.16558837890625,19.38756485020237,375.87767082080245,102,253,166.0,154.0,178.0,151,0.0,0.05340576171875,1174,0.0716552734375,IMG_20180705_130733660 resized_448.jpg,0
159.4305419921875,16.698894746102233,278.8530857414007,88,249,159.0,148.0,169.0,161,0.0,0.01617431640625,914,0.0557861328125,IMG_20180705_130733991 resized_448.jpg,0
159.11517333984375,17.665020754200107,312.0529582463205,68,252,158.0,148.0,169.0,184,0.0,0.02471923828125,635,0.03875732421875,IMG_20180705_130734324 resized_448.jpg,0
153.719482421875,15.418369546053674,237.72611945867538,93,234,154.0,143.0,164.0,141,0.0,0.00201416015625,874,0.0533447265625,IMG_20180705_130734659 resized_448.jpg,0
152.82476806640625,15.908095402525571,253.06749933585525,86,236,153.0,142.0,164.0,150,0.0,0.002685546875,1173,0.07159423828125,IMG_20180705_130734991 resized_448.jpg,0
153.02691650390625,15.606729806333908,243.57001524791121,92,229,153.0,142.0,164.0,137,0.0,0.0028076171875,1338,0.0816650390625,IMG_20180705_130735324 resized_448.jpg,0
153.820556640625,15.315438247519682,234.56264871358871,93,248,154.0,144.0,164.0,155,0.0,0.0030517578125,1177,0.07183837890625,IMG_20180705_130735657 resized_448.jpg,0
155.26373291015625,16.87137441176457,284.64327454194427,89,250,155.0,144.0,165.0,161,0.0,0.01287841796875,1232,0.0751953125,IMG_20180705_130735989 resized_448.jpg,0
155.132568359375,16.39543181557458,268.8101844191551,91,242,155.0,144.0,166.0,151,0.0,0.0059814453125,1281,0.07818603515625,IMG_20180705_130736323 resized_448.jpg,0
152.54510498046875,16.24103694258542,263.7712809704244,86,237,153.0,142.0,163.0,151,0.0,0.00347900390625,1329,0.08111572265625,IMG_20180705_130736655 resized_448.jpg,0
150.01641845703125,15.921734281293368,253.50162252411246,58,228,150.0,139.0,161.0,170,0.0,0.0020751953125,1195,0.07293701171875,IMG_20180705_130736987 resized_448.jpg,0
147.8087158203125,16.398246774477563,268.9024972766638,75,224,148.0,137.0,159.0,149,0.0,0.00189208984375,1460,0.089111328125,IMG_20180705_130737319 resized_448.jpg,0
148.2459716796875,16.269520903603514,264.6973104327917,76,228,148.0,137.0,159.0,152,0.0,0.0018310546875,1388,0.084716796875,IMG_20180705_130737652 resized_448.jpg,0
150.93035888671875,16.466766253214296,271.1543908379972,73,229,151.0,140.0,162.0,156,0.0,0.00335693359375,1458,0.0889892578125,IMG_20180705_130737985 resized_448.jpg,0
150.112548828125,16.075567056834657,258.4238561987877,72,230,150.0,139.0,161.0,158,0.0,0.00189208984375,1508,0.092041015625,IMG_20180705_130738321 resized_448.jpg,0
151.69085693359375,15.947307013243622,254.3166009746492,89,231,152.0,141.0,163.0,142,0.0,0.0029296875,1266,0.0772705078125,IMG_20180705_130738655 resized_448.jpg,0
153.7252197265625,15.634030474809338,244.4229088872671,91,251,154.0,143.0,164.0,160,0.0,0.00262451171875,1084,0.066162109375,IMG_20180705_130738987 resized_448.jpg,0
155.3663330078125,16.0959784358415,259.08052180707455,96,234,155.0,144.0,166.0,138,0.0,0.00506591796875,1163,0.07098388671875,IMG_20180705_130739321 resized_448.jpg,0
156.5623779296875,15.928061408843448,253.7031402438879,100,234,156.0,145.0,168.0,134,0.0,0.00537109375,975,0.05950927734375,IMG_20180705_130739654 resized_448.jpg,0
155.47686767578125,15.522042103648968,240.93379106745124,101,227,155.0,145.0,166.0,126,0.0,0.0045166015625,1169,0.07135009765625,IMG_20180705_130739987 resized_448.jpg,0
156.204833984375,15.965329901356801,254.89175885915756,61,245,156.0,145.0,167.0,184,0.0,0.00457763671875,1111,0.06781005859375,IMG_20180705_130740323 resized_448.jpg,0
156.97265625,16.675981639695486,278.08836364746094,70,245,157.0,145.0,168.0,175,0.0,0.01007080078125,1121,0.06842041015625,IMG_20180705_130740656 resized_448.jpg,0
158.48602294921875,17.147931725270876,294.05156245455146,74,243,158.0,147.0,170.0,169,0.0,0.01202392578125,1598,0.0975341796875,IMG_20180705_130740989 resized_448.jpg,0
167.0438232421875,23.969871091610905,574.5547201484442,103,255,164.0,152.0,176.0,152,0.0,0.06781005859375,1460,0.089111328125,IMG_20180705_130741322 resized_448.jpg,0
158.68267822265625,15.439680790896542,238.38374292477965,99,233,158.0,148.0,169.0,134,0.0,0.00537109375,1141,0.06964111328125,IMG_20180705_130741655 resized_448.jpg,0
162.851318359375,18.261744755201132,333.49132150411606,100,249,161.0,150.0,173.0,149,0.0,0.0352783203125,881,0.05377197265625,IMG_20180705_130741989 resized_448.jpg,0
160.172607421875,15.975502077833147,255.21666663885117,80,235,160.0,149.0,171.0,155,0.0,0.00897216796875,860,0.052490234375,IMG_20180705_130742323 resized_448.jpg,0
166.19586181640625,23.45629777349183,550.1979052387178,81,255,163.0,150.0,178.0,174,0.0,0.0745849609375,1233,0.07525634765625,IMG_20180705_130742655 resized_448.jpg,0
165.94622802734375,23.973961535788945,574.7508317194879,88,255,163.0,150.0,176.0,167,0.0,0.0888671875,1446,0.0882568359375,IMG_20180705_130742988 resized_448.jpg,0
160.9208984375,20.196002291736107,407.87850856781006,98,254,159.0,147.0,171.0,156,0.0,0.04376220703125,1285,0.07843017578125,IMG_20180705_130743321 resized_448.jpg,0
159.11834716796875,18.305685333520433,335.098115529865,97,252,158.0,147.0,170.0,155,0.0,0.0235595703125,1332,0.081298828125,IMG_20180705_130743653 resized_448.jpg,0
157.26129150390625,16.868351574930347,284.54128485545516,73,248,157.0,146.0,168.0,175,0.0,0.0103759765625,1425,0.08697509765625,IMG_20180705_130743987 resized_448.jpg,0
156.9716796875,17.18682679678574,295.3870153427124,96,233,157.0,145.0,168.0,137,0.0,0.00994873046875,1200,0.0732421875,IMG_20180705_130744320 resized_448.jpg,0
157.84710693359375,18.690158417184794,349.32202165946364,89,255,157.0,145.0,169.0,166,0.0,0.01947021484375,1473,0.08990478515625,IMG_20180705_130744653 resized_448.jpg,0
162.77545166015625,26.4924914815225,701.8521048985422,95,255,159.0,146.0,173.0,160,0.0,0.08074951171875,1578,0.0963134765625,IMG_20180705_130744988 resized_448.jpg,0
155.74822998046875,16.737738283691705,280.151882853359,95,243,156.0,144.0,167.0,148,0.0,0.00494384765625,1574,0.0960693359375,IMG_20180705_130745320 resized_448.jpg,0
157.23052978515625,16.65240246551904,277.30250787362456,99,236,157.0,146.0,168.0,137,0.0,0.006103515625,1209,0.07379150390625,IMG_20180705_130745654 resized_448.jpg,0
156.5589599609375,17.03831749266396,290.30426298081875,96,254,156.0,145.0,167.0,158,0.0,0.010009765625,1616,0.0986328125,IMG_20180705_130745987 resized_448.jpg,0
166.3173828125,26.888935805201868,723.0148687362671,90,255,162.0,149.0,176.0,165,0.0,0.08892822265625,1402,0.0855712890625,IMG_20180705_130746319 resized_448.jpg,0
157.56475830078125,16.5689795908738,274.5310846827924,83,242,158.0,146.0,169.0,159,0.0,0.00506591796875,1463,0.08929443359375,IMG_20180705_130746652 resized_448.jpg,0
158.356201171875,18.1558990559499,329.6366705298424,92,244,158.0,146.0,170.0,152,0.0,0.0125732421875,1608,0.09814453125,IMG_20180705_130746985 resized_448.jpg,0
158.05780029296875,15.502150381490674,240.31666645035148,96,229,158.0,148.0,168.0,133,0.0,0.00445556640625,1347,0.08221435546875,IMG_20180705_130747318 resized_448.jpg,0
159.0113525390625,17.444918701520777,304.32518850266933,89,237,159.0,147.0,170.0,148,0.0,0.01202392578125,1455,0.08880615234375,IMG_20180705_130747652 resized_448.jpg,0
160.23199462890625,17.69470919986932,313.1027336679399,92,248,160.0,149.0,171.0,156,0.0,0.02203369140625,1236,0.075439453125,IMG_20180705_130747985 resized_448.jpg,0
159.84271240234375,16.649828128989945,277.2167767249048,94,246,160.0,149.0,170.0,152,0.0,0.01434326171875,1364,0.083251953125,IMG_20180705_130748317 resized_448.jpg,0
159.10198974609375,16.938153266515595,286.901036079973,93,250,159.0,148.0,170.0,157,0.0,0.01397705078125,1364,0.083251953125,IMG_20180705_130748649 resized_448.jpg,0
152.982666015625,31.27196208457223,977.9356126189232,34,253,155.0,133.0,175.0,219,0.00115966796875,0.04681396484375,5690,0.3472900390625,IMG_8658 resized_448.jpg,0
162.01300048828125,31.76858215193646,1009.2428119443357,34,252,165.0,142.0,185.0,218,0.0009765625,0.09130859375,5613,0.34259033203125,IMG_8659 resized_448.jpg,0
150.46173095703125,33.676270382088596,1134.0911868475378,22,254,152.0,129.0,174.0,232,0.00299072265625,0.05279541015625,5867,0.35809326171875,IMG_8660 resized_448.jpg,0
162.89593505859375,32.075725191524334,1028.8521465621889,34,252,166.0,142.0,186.0,218,0.00048828125,0.10125732421875,5076,0.309814453125,IMG_8661 resized_448.jpg,0
158.63006591796875,31.54582328369392,995.1389666460454,33,252,162.0,138.0,182.0,219,0.00042724609375,0.07183837890625,5236,0.319580078125,IMG_8662 resized_448.jpg,0
161.30828857421875,28.858537305971737,832.8151754401624,53,253,164.0,142.0,182.0,200,0.0,0.067138671875,5053,0.30841064453125,IMG_8663 resized_448.jpg,0
155.18133544921875,27.411543473496486,751.3927155993879,40,252,156.0,138.0,173.0,212,0.000244140625,0.04241943359375,4810,0.2935791015625,IMG_8664 resized_448.jpg,0
157.2513427734375,26.554846060016583,705.1598492711782,36,253,158.0,141.0,175.0,217,0.00030517578125,0.0467529296875,4494,0.2742919921875,IMG_8665 resized_448.jpg,0
165.59698486328125,24.42561837895014,596.6108331941068,52,251,167.0,150.75,183.0,199,0.0,0.0584716796875,4691,0.28631591796875,IMG_8666 resized_448.jpg,0
164.6832275390625,28.874363695860108,833.7288788408041,32,253,166.0,147.0,184.0,221,0.000732421875,0.088623046875,5618,0.3428955078125,IMG_8667 resized_448.jpg,0
165.302490234375,23.551220021516034,554.6599645018578,56,250,166.0,151.0,181.0,194,0.0,0.05487060546875,4648,0.28369140625,IMG_8668 resized_448.jpg,0
165.36151123046875,23.174390047287947,537.0523540638387,52,250,168.0,152.0,181.0,198,0.0,0.03985595703125,4628,0.282470703125,IMG_8669 resized_448.jpg,0
164.874755859375,26.192234384073444,686.0331420302391,36,254,168.0,150.0,183.0,218,6.103515625e-05,0.05963134765625,5285,0.32257080078125,IMG_8670 resized_448.jpg,0
162.71661376953125,31.715039074149814,1005.8437034748495,28,251,167.0,143.0,186.0,223,0.00018310546875,0.0950927734375,5642,0.3443603515625,IMG_8671 resized_448.jpg,0
155.90203857421875,26.784797948046066,717.4254011176527,26,253,157.0,140.0,173.0,227,0.00079345703125,0.03857421875,5313,0.32427978515625,IMG_8672 resized_448.jpg,0
167.9063720703125,26.238206957004415,688.4435043185949,53,253,168.0,151.0,187.0,200,0.0,0.109130859375,4878,0.2977294921875,IMG_8673 resized_448.jpg,0
168.04644775390625,28.064474428187246,787.6147249303758,54,247,169.0,149.0,189.0,193,0.0,0.13104248046875,4720,0.2880859375,IMG_8674 resized_448.jpg,0
171.553955078125,27.653663702903717,764.7251161932945,51,248,173.0,153.0,192.0,197,0.0,0.15533447265625,4543,0.27728271484375,IMG_8675 resized_448.jpg,0
151.75042724609375,34.208628369819415,1170.230254944414,30,254,153.0,128.0,177.0,224,0.00091552734375,0.06982421875,5843,0.35662841796875,IMG_8676 resized_448.jpg,0
155.4498291015625,26.758631100071245,716.0243383497,46,252,157.0,139.0,173.0,206,6.103515625e-05,0.04071044921875,5258,0.3209228515625,IMG_8677 resized_448.jpg,0
154.06390380859375,29.019958039995352,842.157964643091,29,248,155.0,136.0,174.0,219,0.00054931640625,0.04547119140625,5500,0.335693359375,IMG_8678 resized_448.jpg,0
151.7540283203125,30.12110031948085,907.2806844562292,26,246,154.0,134.0,172.0,220,0.0018310546875,0.0380859375,4667,0.28485107421875,IMG_8679 resized_448.jpg,0
160.59857177734375,27.241519616691473,742.1003910265863,46,251,161.0,143.0,179.0,205,0.00018310546875,0.068359375,4645,0.28350830078125,IMG_8680 resized_448.jpg,0
172.49395751953125,21.297665122268796,453.5905396603048,64,250,173.0,159.0,187.0,186,0.0,0.08197021484375,3929,0.23980712890625,IMG_8681 resized_448.jpg,0
166.131591796875,21.396930407528558,457.8286308646202,72,249,166.0,152.0,180.0,177,0.0,0.05010986328125,3846,0.2347412109375,IMG_8682 resized_448.jpg,0
164.2269287109375,21.07972664506029,444.35487543046474,79,248,164.0,150.0,178.0,169,0.0,0.0413818359375,3224,0.19677734375,IMG_8683 resized_448.jpg,0
146.603515625,30.875170440821147,953.2761497497559,27,250,149.0,129.0,167.0,223,0.00311279296875,0.031982421875,5152,0.314453125,IMG_8684 resized_448.jpg,0
150.54901123046875,27.10895470223309,734.8954250477254,51,253,151.0,133.0,167.0,202,0.0,0.03778076171875,5370,0.3277587890625,IMG_8685 resized_448.jpg,0
145.8902587890625,31.17115706929239,971.641033038497,42,247,147.0,124.0,169.0,205,0.0001220703125,0.02801513671875,5607,0.34222412109375,IMG_8686 resized_448.jpg,0
154.160888671875,32.06504685899644,1028.1672300696373,53,253,156.0,132.0,178.0,200,0.0,0.06744384765625,5677,0.34649658203125,IMG_8687 resized_448.jpg,0
149.28466796875,35.526824967516696,1262.1552922725677,38,252,151.0,124.0,176.0,214,0.00042724609375,0.06451416015625,5882,0.3590087890625,IMG_8688 resized_448.jpg,0
131.3338623046875,38.564430738545475,1487.2153181880713,21,252,132.0,103.0,159.0,231,0.00762939453125,0.03179931640625,6038,0.3685302734375,IMG_8689 resized_448.jpg,0
149.592041015625,34.10199760080786,1162.9462403655052,45,248,152.0,126.0,174.0,203,0.0001220703125,0.05914306640625,5745,0.35064697265625,IMG_8690 resized_448.jpg,0
145.15911865234375,34.60930285128743,1197.8038438521326,39,249,147.0,121.0,170.0,210,0.0009765625,0.047607421875,5780,0.352783203125,IMG_8691 resized_448.jpg,0
143.7457275390625,35.09582715647059,1231.7170837968588,31,249,145.0,119.0,169.0,218,0.00128173828125,0.04571533203125,5775,0.35247802734375,IMG_8692 resized_448.jpg,0
139.46124267578125,37.25932155570864,1388.2570427916944,33,249,141.0,112.0,167.0,216,0.00164794921875,0.04052734375,5830,0.3558349609375,IMG_8693 resized_448.jpg,0
135.68212890625,37.876397560320406,1434.6214921474457,28,253,137.0,108.0,164.0,225,0.00347900390625,0.03448486328125,5784,0.35302734375,IMG_8694 resized_448.jpg,0
138.44891357421875,36.76112352305219,1351.380202677101,30,253,140.0,112.0,165.0,223,0.00396728515625,0.03765869140625,5856,0.357421875,IMG_8695 resized_448.jpg,0
140.94171142578125,36.99321732859987,1368.4981283210218,36,253,142.0,114.0,168.0,217,0.002197265625,0.047119140625,5821,0.35528564453125,IMG_8696 resized_448.jpg,0
146.855712890625,37.14306604277834,1379.6073550581932,27,251,149.0,121.0,175.0,224,0.0013427734375,0.06829833984375,5748,0.350830078125,IMG_8697 resized_448.jpg,0
133.7109375,39.24606011898877,1540.2532348632812,30,252,134.0,105.0,162.0,222,0.0074462890625,0.04241943359375,5890,0.3594970703125,IMG_8698 resized_448.jpg,0
133.27740478515625,39.488407950981525,1559.3343625031412,28,252,134.0,104.0,162.0,224,0.00897216796875,0.038818359375,5869,0.35821533203125,IMG_8699 resized_448.jpg,0
133.99407958984375,38.64972726405016,1493.8014175854623,24,252,135.0,106.0,162.0,228,0.00830078125,0.0361328125,5892,0.359619140625,IMG_8700 resized_448.jpg,0
140.12542724609375,38.48326103414761,1480.9613798223436,25,254,141.0,112.0,168.0,229,0.00311279296875,0.05712890625,5879,0.35882568359375,IMG_8701 resized_448.jpg,0
132.51220703125,38.200303096342715,1459.2631566524506,24,253,132.0,105.0,160.0,229,0.006591796875,0.036376953125,5799,0.35394287109375,IMG_8702 resized_448.jpg,0
128.6458740234375,37.66501564298724,1418.6534033864737,25,252,129.0,102.0,155.0,227,0.0103759765625,0.02532958984375,5819,0.35516357421875,IMG_8703 resized_448.jpg,0
139.8055419921875,41.3165689012374,1707.0588657706976,25,249,142.0,109.0,171.0,224,0.00738525390625,0.0665283203125,5899,0.36004638671875,IMG_8704 resized_448.jpg,0
148.354248046875,41.2084914442442,1698.1397671103477,31,253,150.0,118.0,179.0,222,0.002197265625,0.10797119140625,5890,0.3594970703125,IMG_8705 resized_448.jpg,0
146.26800537109375,33.56731171537045,1126.7644157968462,38,254,147.0,123.0,170.0,216,0.0001220703125,0.05511474609375,5796,0.353759765625,IMG_8706 resized_448.jpg,0
146.79425048828125,34.07487717572539,1161.0972545407712,42,249,148.0,123.0,172.0,207,0.00042724609375,0.0509033203125,5718,0.3489990234375,IMG_8707 resized_448.jpg,0
145.19097900390625,34.44577003649049,1186.5110734067857,39,251,146.0,120.0,170.0,212,0.00054931640625,0.04840087890625,5785,0.35308837890625,IMG_8708 resized_448.jpg,0
149.17974853515625,33.819125571619274,1143.733254428953,46,253,151.0,125.0,173.0,207,0.00018310546875,0.060302734375,5940,0.362548828125,IMG_8709 resized_448.jpg,0
146.740478515625,35.821218563588786,1283.1596993803978,36,252,148.0,121.0,173.0,216,0.00067138671875,0.062744140625,5851,0.35711669921875,IMG_8710 resized_448.jpg,0
146.8460693359375,36.060927468951405,1300.3904899209738,44,247,148.0,122.0,173.0,203,0.00067138671875,0.06292724609375,5811,0.35467529296875,IMG_8711 resized_448.jpg,0
147.88165283203125,35.247208310089825,1242.365693654865,42,247,149.0,123.0,174.0,205,0.00048828125,0.06268310546875,5835,0.35614013671875,IMG_8712 resized_448.jpg,0
149.82403564453125,35.26506051446067,1243.6244930885732,44,251,151.0,125.0,176.0,207,0.0003662109375,0.07281494140625,5815,0.35491943359375,IMG_8713 resized_448.jpg,0
146.47100830078125,35.25925381788271,1243.2149797938764,35,251,148.0,122.0,172.0,216,0.00103759765625,0.0562744140625,5835,0.35614013671875,IMG_8714 resized_448.jpg,0
147.201416015625,34.902846576844915,1218.2086991667747,45,250,148.0,122.0,173.0,205,0.00054931640625,0.05670166015625,5969,0.36431884765625,IMG_8715 resized_448.jpg,0
147.7576904296875,34.384563682936054,1182.298219665885,48,253,149.0,123.0,172.0,205,6.103515625e-05,0.0577392578125,5835,0.35614013671875,IMG_8716 resized_448.jpg,0
150.56011962890625,34.03268547370447,1158.2236805520952,45,248,152.0,126.0,175.0,203,6.103515625e-05,0.06964111328125,5738,0.3502197265625,IMG_8717 resized_448.jpg,0
148.50042724609375,34.61302357761668,1198.0614011846483,36,250,150.0,124.0,174.0,214,0.00079345703125,0.059814453125,5850,0.3570556640625,IMG_8718 resized_448.jpg,0
147.37030029296875,35.3344722053814,1248.524926032871,44,249,149.0,123.0,173.0,205,0.000732421875,0.061279296875,5842,0.3565673828125,IMG_8719 resized_448.jpg,0
149.69451904296875,34.56884095368233,1195.004764880985,43,251,151.0,126.0,175.0,208,0.00030517578125,0.06488037109375,5882,0.3590087890625,IMG_8720 resized_448.jpg,0
130.830322265625,39.10569353794464,1529.2552670836449,27,249,132.0,102.0,159.0,222,0.00860595703125,0.03155517578125,5945,0.36285400390625,IMG_8721 resized_448.jpg,0
155.47906494140625,31.251918709919984,976.6824230514467,53,251,157.0,134.0,178.0,198,0.0,0.06903076171875,5710,0.3485107421875,IMG_8722 resized_448.jpg,0
151.41168212890625,31.92812114234422,1019.404919680208,49,251,153.0,130.0,174.0,202,6.103515625e-05,0.05731201171875,5695,0.34759521484375,IMG_8723 resized_448.jpg,0
150.76806640625,31.173346076996854,971.7775056362152,41,250,152.0,130.0,173.0,209,6.103515625e-05,0.04852294921875,5645,0.34454345703125,IMG_8724 resized_448.jpg,0
149.52716064453125,30.996079634835695,960.7569527290761,41,250,150.0,128.0,172.0,209,0.0001220703125,0.04345703125,5733,0.34991455078125,IMG_8725 resized_448.jpg,0
150.69451904296875,31.591700280290947,998.035526599735,49,254,151.0,129.0,173.0,205,6.103515625e-05,0.05267333984375,5806,0.3543701171875,IMG_8726 resized_448.jpg,0
149.36566162109375,31.669872979965366,1002.9808545671403,46,247,150.0,128.0,172.0,201,0.0001220703125,0.049072265625,5763,0.35174560546875,IMG_8727 resized_448.jpg,0
150.4090576171875,31.669252573822625,1002.9415585845709,47,252,151.0,128.0,173.0,205,6.103515625e-05,0.0517578125,5805,0.35430908203125,IMG_8728 resized_448.jpg,0
151.53436279296875,31.449568475328828,989.0753572843969,49,250,152.0,130.0,174.0,201,6.103515625e-05,0.05633544921875,5752,0.35107421875,IMG_8729 resized_448.jpg,0
151.54693603515625,30.952860677455625,958.0795841179788,43,249,153.0,130.0,174.0,206,6.103515625e-05,0.05181884765625,5753,0.35113525390625,IMG_8730 resized_448.jpg,0
151.71466064453125,30.89764936427004,954.6647362373769,43,246,152.0,130.75,174.0,203,6.103515625e-05,0.051513671875,5625,0.34332275390625,IMG_8731 resized_448.jpg,0
162.5272216796875,28.222199508772654,796.4925451129675,65,252,164.0,146.0,180.0,187,0.0,0.08038330078125,4028,0.245849609375,IMG_8747 resized_448.jpg,0
147.8331298828125,28.125472844440587,791.0422227233648,34,253,145.0,130.0,163.0,219,0.00042724609375,0.05010986328125,5347,0.32635498046875,IMG_8748 resized_448.jpg,0
155.9337158203125,24.64032529861539,607.1456308215857,74,253,152.0,139.0,169.0,179,0.0,0.06048583984375,4924,0.300537109375,IMG_8749 resized_448.jpg,0
159.334228515625,23.625190874115823,558.1496438384056,78,252,156.0,143.0,172.0,174,0.0,0.0643310546875,4751,0.28997802734375,IMG_8750 resized_448.jpg,0
157.06256103515625,23.032183976221976,530.4814987145364,63,253,154.0,142.0,169.0,190,0.0,0.05181884765625,4674,0.2852783203125,IMG_8751 resized_448.jpg,0
155.9033203125,25.046201034111938,627.3121862411499,51,252,153.0,139.0,169.0,201,0.0,0.05804443359375,4950,0.3021240234375,IMG_8752 resized_448.jpg,0
157.9287109375,26.62481057184737,708.8805379867554,51,254,155.0,140.0,172.0,203,0.0,0.07568359375,5321,0.32476806640625,IMG_8753 resized_448.jpg,0
161.98052978515625,24.279471245026684,589.4927239380777,48,255,159.0,146.0,174.0,207,6.103515625e-05,0.073974609375,5105,0.31158447265625,IMG_8754 resized_448.jpg,0
149.6583251953125,27.071821188617267,732.8835024684668,48,254,146.0,132.0,163.0,206,6.103515625e-05,0.05364990234375,5254,0.3206787109375,IMG_8755 resized_448.jpg,0
150.9521484375,26.82475827509036,719.5676565170288,64,253,147.0,133.0,164.0,189,0.0,0.05584716796875,5295,0.32318115234375,IMG_8756 resized_448.jpg,0
150.2874755859375,27.93495250854523,780.3615716546774,37,254,146.0,132.0,163.0,217,0.00018310546875,0.06396484375,5616,0.3427734375,IMG_8757 resized_448.jpg,0
155.19189453125,25.29514340747056,639.8442800045013,66,253,152.0,138.0,168.0,187,0.0,0.0609130859375,5271,0.32171630859375,IMG_8758 resized_448.jpg,0
169.0699462890625,20.618337349449614,425.1158350557089,94,252,166.0,155.0,181.0,158,0.0,0.08001708984375,3770,0.2301025390625,IMG_8759 resized_448.jpg,0
169.362060546875,19.836105590865337,393.4710850119591,96,252,167.0,156.0,180.0,156,0.0,0.072998046875,3421,0.20880126953125,IMG_8760 resized_448.jpg,0
168.7589111328125,21.14778336829875,447.22874139249325,97,253,165.0,155.0,180.0,156,0.0,0.0899658203125,3960,0.24169921875,IMG_8761 resized_448.jpg,0
166.0675048828125,20.57385250647005,423.28340695798397,104,250,162.0,152.0,177.0,146,0.0,0.0718994140625,3564,0.217529296875,IMG_8762 resized_448.jpg,0
173.29144287109375,20.433293718958584,417.5194922052324,94,253,170.0,159.0,184.0,159,0.0,0.1053466796875,3568,0.2177734375,IMG_8763 resized_448.jpg,0
174.493408203125,18.157378286407813,329.69038623571396,114,253,172.0,162.0,184.0,139,0.0,0.08868408203125,2836,0.173095703125,IMG_8764 resized_448.jpg,0
170.54132080078125,18.03136174720618,325.1300064586103,108,250,168.0,158.0,180.0,142,0.0,0.06805419921875,2808,0.17138671875,IMG_8765 resized_448.jpg,0
172.80609130859375,19.102112006550566,364.89068311080337,106,252,170.0,160.0,183.0,146,0.0,0.0865478515625,2475,0.15106201171875,IMG_8766 resized_448.jpg,0
170.00030517578125,20.27414798621693,411.041076567024,106,252,166.0,156.0,180.0,146,0.0,0.08544921875,3011,0.18377685546875,IMG_8767 resized_448.jpg,0
133.534912109375,31.52662335809798,993.927980363369,34,254,129.0,113.0,150.0,220,0.00048828125,0.0379638671875,5732,0.349853515625,IMG_8768 resized_448.jpg,0
131.65106201171875,29.89417382218152,893.661628510803,43,253,126.0,111.0,147.0,210,0.0001220703125,0.03411865234375,5559,0.33929443359375,IMG_8769 resized_448.jpg,0
142.8092041015625,28.103059554079508,789.7819563001394,56,254,139.0,124.0,157.0,198,0.0,0.0447998046875,5529,0.33746337890625,IMG_8770 resized_448.jpg,0
151.32586669921875,26.58307015752336,706.659618999809,68,253,148.0,133.0,166.0,185,0.0,0.05255126953125,5627,0.34344482421875,IMG_8771 resized_448.jpg,0
158.10369873046875,29.20667867274248,853.0300790928304,70,254,156.0,137.0,177.0,184,0.0,0.08819580078125,5447,0.33245849609375,IMG_8772 resized_448.jpg,0
168.8377685546875,27.912533837256056,779.1095452159643,86,254,166.0,149.0,188.0,168,0.0,0.1424560546875,5255,0.32073974609375,IMG_8773 resized_448.jpg,0
167.8436279296875,22.20869280387471,493.2260360568762,97,253,165.0,153.0,181.0,156,0.0,0.08502197265625,3940,0.240478515625,IMG_8774 resized_448.jpg,0
170.777587890625,20.960213208276674,439.33053773641586,96,253,169.0,157.0,183.0,157,0.0,0.08929443359375,3508,0.214111328125,IMG_8775 resized_448.jpg,0
169.5799560546875,23.168702446294738,536.7887730449438,58,254,167.0,154.0,183.0,196,0.0,0.1007080078125,4370,0.2667236328125,IMG_8776 resized_448.jpg,0
167.104736328125,21.11443758752547,445.8194746375084,65,252,167.0,154.0,180.0,187,0.0,0.0538330078125,3951,0.24114990234375,IMG_8777 resized_448.jpg,0
165.1109619140625,20.232830948629385,409.3674481958151,74,250,165.0,152.75,177.0,176,0.0,0.0439453125,3341,0.20391845703125,IMG_8778 resized_448.jpg,0
129.5260009765625,19.253495211401688,370.6970778554678,59,249,129.0,118.0,139.0,190,0.0,0.00634765625,2946,0.1798095703125,IMG_8779 resized_448.jpg,0
171.68304443359375,20.54340668467362,422.03155821189284,89,251,171.0,158.0,184.0,162,0.0,0.0789794921875,3552,0.216796875,IMG_8781 resized_448.jpg,0
151.70343017578125,33.68858341183841,1134.920652296394,62,254,147.5,126.0,174.0,192,0.0,0.09490966796875,5941,0.36260986328125,IMG_8784 resized_448.jpg,0
156.700439453125,29.075041141587505,845.358017385006,61,253,154.0,137.0,175.0,192,0.0,0.0811767578125,5594,0.3414306640625,IMG_8785 resized_448.jpg,0
155.9427490234375,27.94162692640557,780.7345152944326,39,252,154.0,138.0,173.0,213,0.0001220703125,0.0623779296875,5490,0.3350830078125,IMG_8786 resized_448.jpg,0
159.5006103515625,18.899979580494154,357.20922814309597,81,247,159.0,147.0,170.0,166,0.0,0.027099609375,3213,0.19610595703125,IMG_8787 resized_448.jpg,0
160.84393310546875,18.923752127664194,358.1083945892751,96,252,160.0,148.0,171.0,156,0.0,0.03326416015625,2964,0.180908203125,IMG_8788 resized_448.jpg,0
167.2957763671875,19.524190392465403,381.19401048123837,84,251,167.0,154.0,179.0,167,0.0,0.05023193359375,3316,0.202392578125,IMG_8789 resized_448.jpg,0
172.902099609375,18.816657178907082,354.0665873885155,95,250,173.0,161.0,185.0,155,0.0,0.0662841796875,2459,0.15008544921875,IMG_8790 resized_448.jpg,0
172.06005859375,18.784757664244147,352.8671205043793,91,250,172.0,160.0,183.0,159,0.0,0.06494140625,2173,0.13262939453125,IMG_8791 resized_448.jpg,0
167.6160888671875,18.820663068442958,354.2173583358526,89,249,167.0,156.0,179.0,160,0.0,0.04644775390625,2404,0.146728515625,IMG_8792 resized_448.jpg,0
169.8302001953125,20.79345508739807,432.3677744716406,70,252,170.0,157.0,182.25,182,0.0,0.06768798828125,2618,0.1597900390625,IMG_8793 resized_448.jpg,0
177.1859130859375,15.619174126277523,243.9586003869772,87,250,176.0,167.0,186.0,163,0.0,0.06927490234375,1215,0.07415771484375,IMG_8794 resized_448.jpg,0
180.845947265625,15.257928848799617,232.80439275503159,102,249,180.0,171.0,189.0,147,0.0,0.089599609375,1353,0.08258056640625,IMG_8795 resized_448.jpg,0
169.7930908203125,16.290882650632334,265.39285753667355,95,248,168.0,159.0,179.0,153,0.0,0.04620361328125,1748,0.106689453125,IMG_8796 resized_448.jpg,0
168.86029052734375,18.71325045238584,350.18574249371886,89,248,169.0,156.0,181.0,159,0.0,0.0465087890625,1714,0.1046142578125,IMG_8798 resized_448.jpg,0
162.7515869140625,19.35381742567981,374.5702489465475,80,247,162.0,150.0,175.0,167,0.0,0.03094482421875,2516,0.153564453125,IMG_8799 resized_448.jpg,0
161.573974609375,19.220976660221844,369.4459437727928,78,250,161.0,149.0,174.0,172,0.0,0.0269775390625,2448,0.1494140625,IMG_8800 resized_448.jpg,0
166.06640625,17.338709413223665,300.63084411621094,100,244,165.0,154.0,177.0,144,0.0,0.03375244140625,1416,0.08642578125,IMG_8801 resized_448.jpg,0
167.42681884765625,18.644563995686628,347.61976658925414,91,247,167.0,156.0,179.0,156,0.0,0.04547119140625,2130,0.1300048828125,IMG_8802 resized_448.jpg,0
164.673583984375,18.974872762017235,360.0457963347435,80,252,164.0,153.0,176.0,172,0.0,0.03558349609375,2598,0.1585693359375,IMG_8803 resized_448.jpg,0
165.33984375,17.591608977603453,309.46470642089844,91,246,164.0,154.0,176.0,155,0.0,0.03167724609375,1684,0.102783203125,IMG_8804 resized_448.jpg,0
172.88873291015625,17.466164556155036,305.06690430268645,101,252,172.0,162.0,184.0,151,0.0,0.0594482421875,1610,0.0982666015625,IMG_8805 resized_448.jpg,0
171.904052734375,17.858327784836312,318.9198712706566,89,248,172.0,160.0,183.0,159,0.0,0.05035400390625,2109,0.12872314453125,IMG_8806 resized_448.jpg,0
170.880859375,17.9257594374663,321.3328514099121,103,250,170.0,159.0,182.0,147,0.0,0.0491943359375,1700,0.103759765625,IMG_8807 resized_448.jpg,0
169.984619140625,19.474755989512165,379.2661208510399,91,245,170.0,158.0,183.0,154,0.0,0.05389404296875,2260,0.137939453125,IMG_8808 resized_448.jpg,0
166.256103515625,18.766040322553984,352.164269387722,84,243,166.0,154.0,179.0,159,0.0,0.031494140625,2047,0.12493896484375,IMG_8809 resized_448.jpg,0
163.88604736328125,18.954329765184685,359.2666168473661,90,243,164.0,151.0,176.0,153,0.0,0.02764892578125,2260,0.137939453125,IMG_8810 resized_448.jpg,0
165.7061767578125,19.066193825824623,363.5197470039129,83,243,165.0,153.0,178.0,160,0.0,0.0355224609375,2215,0.13519287109375,IMG_8811 resized_448.jpg,0
173.81103515625,18.708236308225022,349.99810576438904,104,250,174.0,161.0,186.0,146,0.0,0.07440185546875,1920,0.1171875,IMG_8812 resized_448.jpg,0
172.40521240234375,18.634718513069377,347.25273406133056,89,249,173.0,160.0,185.0,160,0.0,0.06158447265625,2445,0.14923095703125,IMG_8813 resized_448.jpg,0
173.36822509765625,17.768465132040802,315.7183531485498,110,248,173.0,161.0,185.0,138,0.0,0.06329345703125,1575,0.09613037109375,IMG_8814 resized_448.jpg,0
160.53460693359375,18.701343733493385,349.74025743827224,75,244,161.0,149.0,172.0,169,0.0,0.02288818359375,3064,0.18701171875,IMG_8815 resized_448.jpg,0
160.3702392578125,18.357925688576227,337.01343558728695,86,248,160.0,149.0,172.0,162,0.0,0.02178955078125,3248,0.1982421875,IMG_8816 resized_448.jpg,0
161.05157470703125,18.46462421425937,340.9423473738134,79,247,161.0,150.0,172.0,168,0.0,0.0205078125,3208,0.19580078125,IMG_8817 resized_448.jpg,0
174.11968994140625,16.459490043786897,270.9148125015199,99,253,174.0,164.0,184.0,154,0.0,0.0546875,2340,0.142822265625,IMG_8818 resized_448.jpg,0
177.00677490234375,16.709328989881804,279.2016752921045,100,252,177.0,166.0,187.0,152,0.0,0.0794677734375,2168,0.13232421875,IMG_8819 resized_448.jpg,0
170.00396728515625,17.6949257375753,313.11039685830474,90,251,169.0,159.0,180.0,161,0.0,0.04803466796875,2648,0.16162109375,IMG_8820 resized_448.jpg,0
170.1456298828125,17.648329471884004,311.4635331481695,95,251,170.0,159.0,181.0,156,0.0,0.04638671875,2677,0.16339111328125,IMG_8821 resized_448.jpg,0
170.86627197265625,17.10808357335748,292.686523552984,90,253,170.0,160.0,181.0,163,0.0,0.04742431640625,2301,0.14044189453125,IMG_8822 resized_448.jpg,0
170.8369140625,17.604927889224715,309.93348598480225,96,252,170.0,160.0,181.0,156,0.0,0.050537109375,2280,0.13916015625,IMG_8823 resized_448.jpg,0
167.0125732421875,17.482031459325054,305.6214239448309,88,246,167.0,156.0,177.0,158,0.0,0.0350341796875,2225,0.13580322265625,IMG_8824 resized_448.jpg,0
165.13671875,17.661648355457537,311.93382263183594,90,248,165.0,154.0,176.0,158,0.0,0.0302734375,2314,0.1412353515625,IMG_8825 resized_448.jpg,0
